<?xml version="1.0" encoding="UTF-8"?>
<!--

~~~~~~~~~~~~~~~~~~~~
VNX Sample scenarios
~~~~~~~~~~~~~~~~~~~~
Name:        P3

-->
<vnx xmlns:xsi="http://www.w3.org/2001/XMLSchema-instance" xsi:noNamespaceSchemaLocation="/usr/share/xml/vnx/vnx-2.00.xsd">
  <global>
    <version>2.0</version>
    <scenario_name>LRSS_2</scenario_name>
    <automac offset="4"/>
    <vm_mgmt type="none"/>
       
    <vm_defaults>
	    <console id="0" display="no"/>
	    <console id="1" display="yes"/>
    </vm_defaults>
  </global>

  <net name="br0" mode="virtual_bridge"/>
  <net name="Net0" mode="virtual_bridge"/>
  <net name="Net1" mode="virtual_bridge"/>
  <net name="Net2" mode="virtual_bridge"/>
  <net name="Net3" mode="virtual_bridge"/>
  
  <vm name="HOST1" type="libvirt" subtype="kvm" os="linux" exec_mode="sdisk">
    <filesystem type="cow">/usr/share/vnx/filesystems/rootfs_ubuntu_quagga</filesystem>
    <mem>128M</mem>
       
    <if id="1" net="Net1">
    	<ipv4>0.0.0.0/24</ipv4>
    </if>
    
   </vm>

  <vm name="HOST2" type="libvirt" subtype="kvm" os="linux" exec_mode="sdisk">
    <filesystem type="cow">/usr/share/vnx/filesystems/rootfs_ubuntu_quagga</filesystem>
    <mem>128M</mem>
    
    <if id="1" net="Net2">
    	<ipv4>0.0.0.0/24</ipv4>
    </if>
    
   </vm>

  <vm name="HOST3" type="libvirt" subtype="kvm" os="linux" exec_mode="sdisk">
    <filesystem type="cow">/usr/share/vnx/filesystems/rootfs_ubuntu_quagga</filesystem>
    <mem>128M</mem>
    
    <if id="1" net="Net3">
    	<ipv4>0.0.0.0/24</ipv4>
    </if>
    
   </vm>

	<vm name="Router1" type="libvirt" subtype="kvm" os="linux" exec_mode="sdisk">
 		<filesystem type="cow">/usr/share/vnx/filesystems/rootfs_ubuntu_quagga</filesystem>
  	<mem>128M</mem>
  	
    <if id="1" net="br0">
      <ipv4>0.0.0.0/24</ipv4>
    </if>
    
    <if id="2" net="Net1">
   		<ipv4>0.0.0.0/24</ipv4>
    </if>
    
    <if id="3" net="Net0">
    	<ipv4>0.0.0.0/24</ipv4>
    </if>
    
    <forwarding type="ip"/>
  </vm>

  <vm name="Router2" type="libvirt" subtype="kvm" os="linux" exec_mode="sdisk">
  	<filesystem type="cow">/usr/share/vnx/filesystems/rootfs_ubuntu_quagga</filesystem>
  	<mem>128M</mem>
  	<if id="1" net="Net0">
  		<ipv4>0.0.0.0/24</ipv4>
  	</if>
  	<if id="2" net="Net3">
  		<ipv4>0.0.0.0/24</ipv4>
  	</if>
  	<if id="3" net="Net2">
  		<ipv4>0.0.0.0/24</ipv4>
  	</if>
  	<forwarding type="ip"/>
  </vm>

</vnx>